"Issue Type","Summary","Epic Name","Epic Link","Priority","MoSCoW","Story Points","Labels","Components","Description","Acceptance Criteria"
"Epic","Phase 1 - Foundations & Developer Experience","P1-Foundations","","High","Must","","phase1 foundations","Platform","Skeleton, gateway, CI/CD, observability bootstrap, minimal LiteLLM, eval harness seed.","Empty run flows end-to-end, traced, deployed to staging via CI/CD."
"Story","Scaffold monorepo per TAD section 18.3","","P1-Foundations","High","Must","5","phase1 foundations repo","Platform","Create src/eadip package layout (gateway, orchestrator, agents, retrieval, analytics, mcp, memory, domain, ports, adapters, security, eval, observability, config) plus tests/deploy/docs.","Repo builds; uv sync --frozen works; import graph respects ports-and-adapters; pre-commit (ruff+black) green."
"Story","API Gateway: POST /v1/runs accept + SSE skeleton","","P1-Foundations","High","Must","8","phase1 gateway FR-001 P1","Gateway","FastAPI app exposing POST /v1/runs (202) and GET /v1/runs/{id}/events (SSE stub).","POST returns 202 with Run; SSE endpoint streams a heartbeat event; OpenAPI generated."
"Story","Containerize services (multi-stage, non-root)","","P1-Foundations","High","Must","5","phase1 docker NFR-12","Platform","Multi-stage Dockerfile with uv, minimal runtime base, non-root user, pinned digests.","Image builds under target size; runs as uid 10001; CMD serves gateway on 8000."
"Story","Local dev via Docker Compose","","P1-Foundations","Medium","Should","3","phase1 devex","Platform","Compose brings up gateway + Postgres + Redis + Qdrant + Neo4j for local dev.","docker compose up starts full stack; healthchecks pass."
"Story","CI/CD pipeline with gated stages","","P1-Foundations","High","Must","8","phase1 cicd","Platform","lint -> type-check -> test -> eval-gate(placeholder) -> SAST/scan -> build/sign -> deploy staging.","Failing lint/type/test blocks merge; signed image pushed; staging deploy succeeds."
"Story","OpenTelemetry + structured logging bootstrap","","P1-Foundations","High","Must","5","phase1 observability FR-055 AP-9","Observability","OTel SDK + collector; correlation id; JSON logs; per-request trace.","Every request emits a trace with a correlation id visible in the trace backend."
"Story","LiteLLM abstraction (minimal) + provider config","","P1-Foundations","Medium","Must","5","phase1 model-routing FR-053 AP-10","Platform","Provider-agnostic model client via LiteLLM; config-driven; single-tier routing stub.","A test prompt routes through LiteLLM to a configured provider; tokens/cost recorded on the span."
"Story","Eval harness skeleton + gold-set v1 seed","","P1-Foundations","High","Must","5","phase1 eval FR-054","Eval","Harness scaffolding (grader interface) + seed gold dataset; wired as CI placeholder gate.","Harness runs on gold-set v1; CI eval-gate stage executes (non-blocking placeholder)."
"Story","Base Kubernetes/Helm manifests","","P1-Foundations","Medium","Should","5","phase1 k8s NFR-12","Platform","Helm chart for gateway Deployment + Service + Ingress; staging values.","helm install deploys gateway to a namespace; readiness/liveness probes pass."
"Epic","Phase 2 - Identity, Access & Audit (Governance Core)","P2-Identity-Audit","","High","Must","","phase2 governance","Security","Deny-by-default identity, tenancy, immutable audit before capability.","Cross-tenant access impossible; every authz decision + mutation audited; secrets only in vault."
"Story","SSO/OAuth via OIDC/SAML","","P2-Identity-Audit","High","Must","8","phase2 auth FR-050 SEC-02","Security","OIDC redirect/code exchange; map claims (sub, tenant, roles); short-lived service JWT; httpOnly session.","User logs in via IdP; session cookie httpOnly; downstream calls carry identity+tenant claim."
"Story","RBAC model + per-request permission resolution","","P2-Identity-Audit","High","Must","8","phase2 rbac FR-050 SEC-03 AP-5","Security","Role -> Permission -> (resource, data-domain, effect); resolve effective set per request; deny-by-default.","User without a domain permission is denied + audited; permitted user proceeds."
"Story","Tenant isolation with Postgres RLS","","P2-Identity-Audit","High","Must","8","phase2 tenancy SEC-09 R2","Security","tenant_id on all tables; RLS policies bound to app.tenant_id session var.","Cross-tenant SELECT returns zero rows; verified by test with two tenants."
"Story","Managed vault + user-scoped token minting","","P2-Identity-Audit","High","Must","5","phase2 vault SEC-05","Security","Secrets in vault; mint short-lived user-scoped tokens per call; none in logs/prompts.","No secret appears in logs/config; tokens expire; rotation works."
"Story","Append-only audit subsystem","","P2-Identity-Audit","High","Must","8","phase2 audit FR-051 SEC-08 P6","Security","audit_event append-only (role+trigger); log authz decisions, queries, tool calls, approvals.","UPDATE/DELETE on audit_event denied; every authz decision + mutation produces an event (US-B2)."
"Epic","Phase 3 - Data Stores & Document/Embedding Pipeline","P3-Data-Pipeline","","High","Must","","phase3 data","Data","Polyglot stores + governed, embedded, ACL-tagged chunks.","Tenant corpus ingests with ACL + time payload; PII redacted in artifacts."
"Story","Provision data stores + migrations","","P3-Data-Pipeline","High","Must","8","phase3 data","Data","Postgres+pgvector, Qdrant, Neo4j, Redis, object store provisioned; expand/contract migrations.","All stores reachable in CI; migrations apply/rollback cleanly."
"Story","Document ingestion pipeline (PDF/Office/HTML/tables)","","P3-Data-Pipeline","High","Must","8","phase3 ingestion FR-015","Data","Parse, chunk, attach source/ACL/time payload.","A mixed doc set ingests; chunks carry acl_tags + valid_from/to."
"Story","Embedding pipeline with versioned models","","P3-Data-Pipeline","High","Must","5","phase3 embeddings FR-016","Data","Generate+store dense+sparse vectors; version embed model; cache by content hash.","Embeddings stored in per-tenant collection; re-ingest of same content is a cache hit."
"Story","Qdrant per-tenant collections + payload indexes","","P3-Data-Pipeline","High","Must","5","phase3 qdrant AP-5","Data","Named vectors (dense+bm25); payload indexes for acl_tags + valid_from.","Collection created per tenant; filtered search by ACL/time works."
"Story","PII redaction on stored artifacts","","P3-Data-Pipeline","Medium","Must","5","phase3 privacy NFR-08","Data","Detect+redact PII in stored intermediate artifacts/logs by default.","Ingested doc with PII stores redacted; raw PII absent from artifacts."
"Epic","Phase 4 - Retrieval Engine (Hybrid Search)","P4-Retrieval","","High","Must","","phase4 retrieval","Retrieval","Identity-scoped, time-aware hybrid retrieval with reranking.","Grounded retrieval; filtered docs never influence ranking; latency in budget."
"Story","Dense + sparse hybrid search with RRF","","P4-Retrieval","High","Must","8","phase4 retrieval FR-010","Retrieval","Dense ANN + BM25; fuse with Reciprocal Rank Fusion.","Hybrid query returns fused ranked passages with source refs."
"Story","Pre-fusion ACL/metadata/time filtering","","P4-Retrieval","High","Must","8","phase4 acl AP-5 SEC-03 R2","Retrieval","Apply identity ACL + metadata + time filter before fusion.","Docs the user cannot see never appear or influence ranking; proven by test."
"Story","Cross-encoder reranking + context compression","","P4-Retrieval","High","Should","5","phase4 rerank FR-014","Retrieval","Re-score top fused set; extractive+abstractive compression to token budget.","Top-k precision improves vs no-rerank on eval; compressed context within budget."
"Story","Multi-query expansion","","P4-Retrieval","Medium","Should","5","phase4 multiquery FR-012","Retrieval","Expand complex query into sub-queries; fuse results.","Complex query expands into N sub-queries; recall improves on eval set."
"Story","Time-aware as-of retrieval","","P4-Retrieval","High","Must","3","phase4 timeaware FR-011","Retrieval","valid_from/to filtering for point-in-time queries.","As-of query returns point-in-time truth; recency query returns latest."
"Epic","Phase 5 - Analytics Engine (NL-to-SQL + BI)","P5-Analytics","","High","Must","","phase5 analytics","Analytics","Safe NL-to-SQL over governed warehouses + explanatory statistics.","Verified metric-movement explanation; no non-read-only SQL executes; claims carry queries."
"Story","NL-to-SQL generation","","P5-Analytics","High","Must","8","phase5 nl2sql FR-020 P1","Analytics","Generate SQL from NL against governed schema (structured output).","NL request yields schema-valid SQL bound to its result."
"Story","SQL AST validator + cost guard","","P5-Analytics","High","Must","8","phase5 sqlvalidate FR-021 SEC","Analytics","Reject non-SELECT, unknown columns, missing tenant predicate, over-cost; statement timeout + row cap; read replica.","INSERT/UPDATE/DELETE/DDL rejected; missing tenant predicate rejected; over-cost aborted."
"Story","BI variance/driver attribution + trend","","P5-Analytics","High","Must","8","phase5 bi FR-022 FR-023 P2","Analytics","Trend decomposition + contribution analysis across dimensions.","Metric movement explained with ranked signed drivers (US-A1)."
"Story","Anomaly detection + correlation (multiple-comparison control)","","P5-Analytics","Medium","Must","5","phase5 anomaly FR-022","Analytics","STL/robust z-score anomalies; correlation labeled candidate-only.","Anomalies flagged with severity; correlations not labeled causal."
"Story","Basic forecasting with prediction intervals","","P5-Analytics","Low","Should","5","phase5 forecast FR-024","Analytics","Statistical baseline forecast + prediction intervals.","Forecast returns point+interval, explicitly labeled uncertain."
"Epic","Phase 6 - Orchestration Core (LangGraph)","P6-Orchestration","","High","Must","","phase6 orchestration","Orchestrator","Interpret -> plan -> route -> execute -> reflect; durable, streamed, bounded.","Multi-step run re-plans, streams, resumes after restart, respects bounds."
"Story","Goal Interpreter agent","","P6-Orchestration","High","Must","8","phase6 goal FR-002","Orchestrator","NL -> structured Objective (intent, entities, metrics, timeframe, ambiguities).","Objective extracted; high-ambiguity emits clarification not a guess."
"Story","Planner agent (dependency-aware plan)","","P6-Orchestration","High","Must","8","phase6 planner FR-003 P1","Orchestrator","Decompose objective into ordered typed steps + parallel branches + stop condition.","Plan produced with deps; depth bounded; plan reuse seeded from memory."
"Story","Plan preview before execution","","P6-Orchestration","High","Must","5","phase6 planpreview P1 P2","Frontend","Show steps/sources/tools with proceed/edit/cancel.","Complex question shows plan; user can proceed/edit/cancel (US-A2)."
"Story","LangGraph assembly + RunState + Postgres checkpointing","","P6-Orchestration","High","Must","13","phase6 langgraph FR-004 AP-7","Orchestrator","Typed RunState with reducers; nodes + conditional edges; Postgres checkpointer; resume.","Multi-step run executes; crash mid-run resumes from checkpoint."
"Story","Resilience: retries/loops/timeouts/cost bounds","","P6-Orchestration","High","Must","8","phase6 resilience FR-006 NFR-05 R4","Orchestrator","Retry+backoff with idempotency; iteration cap + loop detection; per-step+global timeout; per-run cost ceiling.","Runaway loop breaks at cap; cost ceiling aborts to partial answer; retries cause no duplicate side effects."
"Story","Reflection agent + re-plan","","P6-Orchestration","High","Must","5","phase6 reflect FR-040","Orchestrator","Judge sufficiency; gaps -> re-plan, sufficient -> verify; bounded loop.","Insufficient evidence triggers re-plan; sufficient routes to verify."
"Story","SSE streaming of progress","","P6-Orchestration","High","Must","5","phase6 streaming FR-005 NFR-01 P2","Gateway","Publish step transitions/tool calls/partial findings to per-run Redis stream -> SSE.","First streamed token under 3s p95; user sees live steps (US-A3)."
"Epic","Phase 7 - Verification, Recommendation & Reporting","P7-Verify-Recommend","","High","Must","","phase7 trust release-alpha","Orchestrator","Independent verification, confidence, provenance, executive brief. ALPHA gate.","Alpha: one investigation type end-to-end with independent verification + full audit; eval harness live."
"Story","Verification agent (independent re-derivation)","","P7-Verify-Recommend","High","Must","13","phase7 verify FR-041 AP-1 R1","Orchestrator","Fresh-context recompute/resource-lookup/cross-source; status verified/unverified/conflicting.","Each quantitative claim re-derived independently; conflicts marked, never silently reconciled."
"Story","Calibrated confidence + assumptions","","P7-Verify-Recommend","High","Must","5","phase7 confidence FR-042 EXP-03 P4","Orchestrator","Attach calibrated confidence + assumptions per conclusion.","Each conclusion carries a calibrated score + assumptions (US-B3)."
"Story","Provenance per claim","","P7-Verify-Recommend","High","Must","5","phase7 provenance EXP-02 EXP-04 P1","Frontend","Link each number to query/doc + verification status.","Every quantitative claim exposes source + verified/unverified/conflicting (US-B1)."
"Story","Recommendation engine","","P7-Verify-Recommend","High","Must","8","phase7 recommend FR-043","Orchestrator","Rank actions by impact x confidence from verified claims only.","Ranked explainable actions; unverified material caveated, never silently promoted."
"Story","Executive report generator","","P7-Verify-Recommend","High","Must","8","phase7 report FR-044 P4","Frontend","Layered output headline -> drivers -> evidence -> raw; multi-format export.","One-page brief renders with drill-down + export (US-E1/E2)."
"Story","Memory persistence of conversation/plan/findings","","P7-Verify-Recommend","Medium","Must","5","phase7 memory FR-045","Platform","Persist run state to short/long-term memory.","Run conversation+plan+findings persisted and retrievable."
"Epic","Phase 8 - MCP Integration & Tool Calling","P8-MCP-Tooling","","High","Must","","phase8 mcp","MCP","Onboard any system as a governed tool, declaratively, no code deploy.","New MCP server registered via portal is discovered, health-checked, invocable under RBAC."
"Story","MCP server registration (no code deploy)","","P8-MCP-Tooling","High","Must","8","phase8 mcp FR-030 P3 G4","MCP","Register endpoint+auth+declarative permission scope in portal.","Server registered without deploy; appears pending discovery (US-D1)."
"Story","MCP discovery + health-check + lifecycle","","P8-MCP-Tooling","High","Must","8","phase8 discovery FR-030","MCP","List tools, cache JSON schemas; health states + circuit breaker + backoff.","Tools discovered + schemas cached; failed server enters Failed -> retry."
"Story","Per-tool RBAC + permission descriptors","","P8-MCP-Tooling","High","Must","5","phase8 toolrbac FR-032 SEC-04","MCP","Effect+domains+ACL descriptor; RBAC checked pre-invoke deny-by-default.","Unauthorized tool call denied+audited; user-scoped token minted on permit."
"Story","Tool selection + typed-arg validation","","P8-MCP-Tooling","High","Must","8","phase8 toolcall FR-031 SEC-06","MCP","Match step -> tool by capability/schema; validate args vs JSON schema; treat output as data.","Args validated pre-call; tool output never executed as instructions."
"Story","Tool fallback + narrowed-scope continuation","","P8-MCP-Tooling","Medium","Should","5","phase8 fallback FR-033 AP-8","MCP","Alternate tool/path when degraded/failed; continue with narrowed scope.","Failed tool falls back; run continues and states the limitation."
"Epic","Phase 9 - Governed Autonomy (Approval & Safety)","P9-Approval-Safety","","High","Must","","phase9 governance G5","Orchestrator","No write/high-impact action without explicit human approval.","Side-effecting step pauses for approval; safety suite shows zero unapproved actions."
"Story","Approval interrupt node","","P9-Approval-Safety","High","Must","8","phase9 approval FR-034 AP-2 R1","Orchestrator","interrupt_before on write/high-impact; checkpoint persisted on pause.","Write step pauses graph and persists checkpoint (US-C1)."
"Story","Approval UI with payload preview","","P9-Approval-Safety","High","Must","5","phase9 approvalui SEC-07 P2","Frontend","Show proposed action + exact payload; approve -> execute user-scoped; reject -> skip+record.","Approver sees payload; approve executes; reject logged+skipped."
"Story","Per-action-type autonomy policy","","P9-Approval-Safety","Medium","Must","5","phase9 policy P6","Security","Configure autonomy per action type; read auto, write gated.","Policy makes reads auto and writes gated; configurable per type (US-C2)."
"Story","AI-safety bounds + safety eval suite","","P9-Approval-Safety","High","Must","8","phase9 safety G5 R3","Eval","Grounding suppression, fail-safe partial, human override; injection + unapproved-action red-team.","Safety suite shows 0 unapproved-action attempts passing; ungrounded claims suppressed/flagged."
"Epic","Phase 10 - GraphRAG & Knowledge Graph","P10-GraphRAG","","High","Must","","phase10 graph release-beta","Graph","Answer structural why-questions via metric lineage. PRIVATE BETA gate.","Beta: driver analysis via lineage works; >=90% accuracy on partner gold set; RBAC+audit+approval in use."
"Story","Neo4j meta-model + constraints","","P10-GraphRAG","High","Must","5","phase10 graph","Graph","Metric/Dimension/DataSource/Entity/Event/Doc/Team + uniqueness constraints.","Schema+constraints applied; nodes uniquely keyed."
"Story","Entity/relation extraction + lineage ingestion","","P10-GraphRAG","High","Must","8","phase10 lineage FR-013","Graph","Extract entities/relations; ingest metric lineage with driver weights+direction.","Lineage graph populated; DRIVER_OF weights queryable."
"Story","Bounded multi-hop traversal + subgraph","","P10-GraphRAG","High","Must","8","phase10 traversal FR-013","Graph","Cypher bounded traversal; extract relevant subgraph.","Driver/event queries return a bounded subgraph within depth limit."
"Story","GraphRAG merge with vector evidence","","P10-GraphRAG","High","Must","5","phase10 graphrag FR-013","Retrieval","Linearize subgraph to evidence; merge with vector hits; wire to Planner effort.","Root-cause question answered via lineage + vector evidence, verified."
"Epic","Phase 11 - Platform Services & Administration","P11-Platform-Admin","","High","Must","","phase11 platform","Platform","Memory, prompt mgmt, model routing, notifications, admin portal, platform services.","Admins self-serve RBAC/prompts/routing/budgets; memory improves repeats; cost capped; UI WCAG 2.1 AA."
"Story","Memory layers + consolidation + governance","","P11-Platform-Admin","High","Must","8","phase11 memory FR-045","Platform","Working/episodic/semantic; Memory Agent consolidation; no PII to shared semantic; erasure cascade.","Repeat question reuses prior plan; PII not promoted; DSAR erasure cascades to memory."
"Story","Prompt management (versioned + canary + rollback)","","P11-Platform-Admin","High","Must","8","phase11 prompts FR-052 P5","Platform","Immutable versions; eval-gated promotion; canary; one-click rollback.","Bad prompt rolled back in one click; runs record exact version used (US-D2)."
"Story","Model routing policy (full)","","P11-Platform-Admin","High","Must","5","phase11 routing FR-053 R6","Platform","Per-task tiering; verify/plan pinned strong; budget-aware fallback.","Verification never downgraded; budget guard + provider fallback work."
"Story","Notification system","","P11-Platform-Admin","Medium","Should","5","phase11 notify FR-056","Platform","Notify completion/approval/anomaly via channels.","User notified on completion and approval-required via configured channel."
"Story","Administration Portal","","P11-Platform-Admin","High","Must","8","phase11 admin FR-057 P5","Frontend","Manage tenants/users/roles/connectors/budgets/flags + prompt/model governance.","Admin self-serves RBAC, connectors, budgets, flags (US-D3)."
"Story","Platform services: cache/queue/rate-limit/backpressure","","P11-Platform-Admin","High","Must","8","phase11 platform NFR-02 NFR-10","Platform","Caching layers; KEDA queue partitioning; token-bucket rate limit; admission control.","Queues isolated by class; 429s actionable; cheapest work shed under load."
"Story","Accessibility WCAG 2.1 AA","","P11-Platform-Admin","Medium","Must","5","phase11 a11y NFR-13","Frontend","Keyboard, screen-reader semantics, contrast, reduced-motion, accessible tables.","Automated a11y checks pass in CI; manual audit clears AA."
"Epic","Phase 12 - Hardening, Scale, Compliance & GA","P12-Hardening-GA","","High","Must","","phase12 hardening release-ga","Platform","Scale, reliability, DR, residency, eval gates, security, compliance. GA gate.","GA: all Must met; SLOs sustained 30 days; security review + per-vertical compliance sign-off."
"Story","Load/perf test to 200 concurrent","","P12-Hardening-GA","High","Must","8","phase12 load NFR-02","Platform","Load test cluster to target concurrency; validate HPA/KEDA.","200 concurrent investigations sustained without SLO breach."
"Story","Reliability under fault injection","","P12-Hardening-GA","High","Must","5","phase12 reliability NFR-05","Platform","Inject failures; verify breakers, idempotency, degradation, resume.","Faults degrade gracefully; no duplicate side effects; runs resume."
"Story","Disaster recovery: replication + restore + game-day","","P12-Hardening-GA","High","Must","8","phase12 dr NFR-03","Platform","WAL+snapshots; cross-AZ/region replication; IaC restore; game-day.","RPO <=5min, RTO <=1hr proven in a DR drill."
"Story","Data residency + retention + erasure","","P12-Hardening-GA","High","Must","5","phase12 residency NFR-08 P6","Security","Per-tenant region; retention policies; secure deletion; DSAR.","Tenant data stays in-region; erasure removes from stores+memory+logs."
"Story","Full eval suite as hard CI gates","","P12-Hardening-GA","High","Must","8","phase12 evalgate FR-054 R1","Eval","Accuracy >=92%, verified >=95%, grounding, safety, no unapproved actions - hard gates.","Build below threshold cannot promote; gates enforced not advisory."
"Story","Security: SAST/DAST/deps/containers + penetration test","","P12-Hardening-GA","High","Must","8","phase12 security SEC-10 R3","Security","Scanning in CI; external penetration test before GA.","Pen-test findings remediated; scans green; images signed+pinned."
"Story","Compliance evidence per vertical","","P12-Hardening-GA","High","Must","5","phase12 compliance R8 P6","Security","SOC2/GDPR/HIPAA/SOX/ISO27001/EU AI Act evidence as applicable.","Per-vertical legal sign-off complete; audit evidence assembled (GA gate)."
"Epic","Cross-cutting - Security","X-Security","","High","Must","","xcut security","Security","Continuous security track woven through every sprint.","New boundaries threat-modeled; injection evals maintained each phase."
"Story","Recurring: threat-model new boundaries each phase","","X-Security","Medium","Must","3","xcut security recurring SEC-06","Security","Each phase: threat-model + injection review of new surfaces.","New boundaries have a threat note; injection evals added before phase exit."
"Epic","Cross-cutting - Evaluation","X-Evaluation","","High","Must","","xcut eval","Eval","Continuous evaluation track; gold sets grow per phase.","Each capability has eval coverage before its phase exits."
"Story","Recurring: grow gold sets + graders per phase","","X-Evaluation","High","Must","3","xcut eval recurring FR-054","Eval","Add gold cases + graders for each new capability.","New capability has eval coverage before phase exit."
"Epic","Cross-cutting - Observability & Cost","X-Observability","","Medium","Must","","xcut observability","Observability","Continuous observability/cost track.","New hot-path calls emit spans with cost+tokens."
"Story","Recurring: spans + cost accounting on new hot-path calls","","X-Observability","Medium","Must","2","xcut observability recurring FR-055 NFR-10","Observability","Instrument new model/tool/store calls.","New hot-path call emits a span with cost+tokens."
"Epic","Cross-cutting - Tech Debt","X-TechDebt","","Low","Could","","xcut techdebt","Platform","Continuous refactor capacity to keep clean architecture.","No framework leakage into domain; debt triaged each retro."
"Story","Recurring: refactor to keep clean architecture","","X-TechDebt","Low","Could","3","xcut techdebt recurring AP-10","Platform","Reserve capacity; keep ports-and-adapters clean.","No framework leakage into domain; debt log triaged each retro."
